Identifier / Formula,Name
m,meter (N/A)
s,second (N/A)
{\tfrac\operatorname{m}{\operatorname{s}^2}},unit (Q118084)
a,acceleration (Q11376)
v,velocity (Q11465)
t,time (Q11471)
x,position (N/A)
\mathbf{a} =  \frac{d\mathbf{v}}{dt} = \frac{d^2\mathbf{x}}{dt^2},acceleration (N/A)
( \Delta \mathbf{v}),change (N/A)
( \Delta t),change (N/A)
\bar{\mathbf{a}} = \frac{\Delta \mathbf{v}}{\Delta t}.,acceleration (Q11376)
\mathbf{a} = \lim_{{\Delta t}\to 0} \frac{\Delta \mathbf{v}}{\Delta t} = \frac{d\mathbf{v}}{dt},acceleration (Q11376)
\mathbf{v} =  \int \mathbf{a} \  dt,velocity (Q11465)
\mathbf{a} =  \int \mathbf{j} \  dt,acceleration (Q11376)
j,jerk (N/A)
F,force (Q11402)
m,mass (Q11423)
\mathbf{F} = m\mathbf{a} \quad \to \quad \mathbf{a} = \frac{\mathbf{F}}{m},Newton' s second law (N/A)
"\mathbf{v} (t) =v(t) \frac {\mathbf{v}(t)}{v(t)} = v(t) \mathbf{u}_\mathrm{t}(t) , ",Circular motion velocity (N/A)
u,velocity (Q11465)
"\mathbf{u}_\mathrm{t} = \frac {\mathbf{v}(t)}{v(t)} \ , ",Tangential velocity (N/A)
"\begin{alignat}{3}\mathbf{a}  = \frac{\mathrm{d} \mathbf{v}}{\mathrm{d}t} \\            =  \frac{\mathrm{d}v }{\mathrm{d}t} \mathbf{u}_\mathrm{t} +v(t)\frac{d \mathbf{u}_\mathrm{t}}{dt} \\            = \frac{\mathrm{d}v }{\mathrm{d}t} \mathbf{u}_\mathrm{t}+ \frac{v^2}{r}\mathbf{u}_\mathrm{n}\ , \\\end{alignat}",Circular acceleration (N/A)
r,radius (Q173817)
g,gravitational constant (N/A)
s,displacement (Q190291)
 \mathbf{F_g} = m  \mathbf{g},Newton's second law (N/A)
 \mathbf{s}(t) = \mathbf{s}_0 + \mathbf{v}_0 t+ \tfrac{1}{2} \mathbf{a}t^2 = \mathbf{s}_0 + \frac{\mathbf{v}_0+\mathbf{v}(t)}{2}t ,Circular displacement (N/A)
 \mathbf{v}(t) = \mathbf{v}_0 + \mathbf{a} t ,Circular velocity (N/A)
 a_c = \frac {v^2} {r}\;.,Centripetal acceleration (N/A)
omega,angular velocity (Q161635)
 v = \omega r.,velocity (Q11465)
\omega = \frac {v}{r}.,angular velocity (Q161635)
alpha,angular acceleration (N/A)
 {v^2}(t) = {v_0}^2 + 2\mathbf{a \cdot}[\mathbf{s}(t)-\mathbf{s}_0] ,velocity (Q11465)
\mathbf{s}_0,displacement (Q190291)
\mathbf{s}(t),displacement (Q190291)
\mathbf{v}_0,velocity (Q11465)
\mathbf{v}(t),velocity (Q11465)
\mathbf{a},acceleration (Q11376)
\omega,angular velocity (Q161635)
\mathbf{r} ,distance (Q126017)
 \mathbf {a_c}= -\frac{v^2}{|\mathbf {r}|}\cdot \frac{\mathbf {r}}{|\mathbf {r}|}\;. ,acceleration (Q11376)
 \mathbf {a_c}= -\omega^2  \mathbf {r}\;. ,acceleration (N/A)
\alpha,acceleration (Q11376)
\alpha = \dot\omega,acceleration (Q11376)
 a_t = r \alpha.,acceleration (Q11376)
F,force (Q11402)
m,mass (Q11423)
omega,angular velocity (Q161635)
r,distance (Q126017)
a,acceleration (Q11376)
"\boldsymbol{F} = m\boldsymbol{a}\ ,",newton's law of motion (N/A)
t,time (Q11471)
" \boldsymbol{a}=\frac{\operatorname{d}^2\boldsymbol{r}}{\operatorname{d}t^2} \ , ",acceleration (Q11376)
\boldsymbol{a} =\frac{\operatorname{d}^2\boldsymbol{r}}{\operatorname{d}t^2} = \frac{\operatorname{d}}{\operatorname{d}t}\frac{\operatorname{d}\boldsymbol{r}}{\operatorname{d}t} = \frac{\operatorname{d}}{\operatorname{d}t} \left( \left[\frac{\operatorname{d}\boldsymbol{r}}{\operatorname{d}t}\right] + \boldsymbol{\omega} \times \boldsymbol{r}\ \right) \\= \left[ \frac{\operatorname{d}^2 \boldsymbol{r}}{\operatorname{d}t^2} \right] + \boldsymbol{\omega}\times \left[ \frac{\operatorname{d} \boldsymbol{r}}{\operatorname{d}t} \right] +  \frac{\operatorname{d} \boldsymbol{\omega}}{\operatorname{d}t}\times\boldsymbol{r} +  \boldsymbol{\omega} \times \frac{\operatorname{d}\boldsymbol{r}}{\operatorname{d}t} \\=  \left[ \frac{\operatorname{d}^2 \boldsymbol{r}}{\operatorname{d}t^2} \right] + \boldsymbol{\omega}\times \left[ \frac{\operatorname{d} \boldsymbol{r}}{\operatorname{d}t} \right] +  \frac{\operatorname{d} \boldsymbol{\omega}}{\operatorname{d}t}\times\boldsymbol{r} +  \boldsymbol{\omega} \times \left( \left[\frac{\operatorname{d}\boldsymbol{r}}{\operatorname{d}t}\right] + \boldsymbol{\omega} \times \boldsymbol{r}\ \right) \\ = \left[ \frac{\operatorname{d}^2 \boldsymbol{r}}{\operatorname{d}t^2} \right] + \frac{\operatorname{d} \boldsymbol{\omega}}{\operatorname{d}t}\times\boldsymbol{r} + 2 \boldsymbol{\omega}\times \left[ \frac{\operatorname{d} \boldsymbol{r}}{\operatorname{d}t} \right] + \boldsymbol{\omega}\times ( \boldsymbol{\omega} \times \boldsymbol{r}) \ .,acceleration (Q11376)
\boldsymbol{F} - m\frac{\operatorname{d} \boldsymbol{\omega}}{\operatorname{d}t}\times\boldsymbol{r} - 2m \boldsymbol{\omega}\times \left[ \frac{\operatorname{d} \boldsymbol{r}}{\operatorname{d}t} \right] - m\boldsymbol{\omega}\times (\boldsymbol{\omega}\times \boldsymbol{r}) ,force (Q11402)
I,moment of inertia (Q165618)
L,angular momentum (N/A)
omega,angular velocity (Q161635)
I = \frac{L}{\omega}.,moment of inertia (Q165618)
E,energy (Q11379)
r,distance (Q126017)
alpha,angular acceleration (Q186300)
tau,torque (Q48103)
\tau = I \alpha.,torque (Q48103)
I = mr^2.,moment of inertia (Q165618)
k,radius (Q173817)
I=r^2m,moment of inertia (Q165618)
p,momentum (Q41273)
m,mass (Q11423)
v,velocity (Q11465)
"p = mv,",momentum (Q41273)
L,angular momentum (Q161254)
I,moment of inertia (Q165618)
omega,angular velocity (Q161635)
L = I\omega.,angular momentum (Q161254)
"L = rmv,",angular momentum (Q161254)
"L = rmv_\perp,",angular momentum (Q161254)
r,radius (Q173817)
"L = r_\perp mv,",angular momentum (Q161254)
T,kinetic energy (Q46276)
a,radius (Q173817)
phi,angle (Q11352)
T = \frac{1}{2}ma^2 \omega^2 = \frac{1}{2}ma^2 \dot{\phi}^2.,kinetic energy (Q46276)
U,potential energy (N/A)
U = 0.,potential energy (N/A)
"\mathcal{L}\left(\phi, \dot{\phi}\right) = T - U = \frac{1}{2}ma^2 \dot{\phi}^2.",lagrangian (N/A)
p_\phi = \frac{\partial \mathcal{L}}{\partial \dot{\phi}} = ma^2 \dot{\phi} = I\omega = L.,momentum (Q41273)
"\mathbf{L} = I\boldsymbol{\omega},",angular momentum (Q161254)
\boldsymbol{\omega}=\frac{\mathbf{r}\times\mathbf{v}}{r^2},angular velocity (Q161635)
"  \mathbf{L} = \left(r^2m\right)\left(\frac{\mathbf{r}\times\mathbf{v}}{r^2}\right) \\             = m\left(\mathbf{r}\times\mathbf{v}\right) \\             = \mathbf{r}\times m\mathbf{v} \\             = \mathbf{r}\times\mathbf{p},",angular momentum (Q161254)
"\omega\mathbf{\hat{u}} = \boldsymbol{\omega},",angular velocity (Q161635)
"\omega = \frac{v_\perp}{r},",angular velocity (Q161635)
"  \mathbf{L} = I\boldsymbol{\omega}\\             = I\omega\mathbf{\hat{u}}\\             = \left(r^2m\right)\omega\mathbf{\hat{u}}\\             = rmv_\perp \mathbf{\hat{u}}\\             = r_\perp mv\mathbf{\hat{u}},",angular momentum (Q161254)
"\mathbf{L} =  m \mathbf{r} \times \mathbf{v} = m r^2 \left(\dot\theta\,\hat{\boldsymbol\varphi} - \dot\varphi \sin\theta\,\mathbf{\hat{\boldsymbol\theta}}\right).                              ",angular momentum (Q161254)
"I=k^2m,",moment of inertia (Q165618)
I=r^2m,moment of inertia (Q165618)
F,force (Q11402)
"\mathbf{F} = m\mathbf{a},",Newton's second law (N/A)
\mathbf{L} = I\boldsymbol{\omega},angular momentum (Q161254)
tau,torque (Q48103)
\boldsymbol{\tau} = \frac{dI}{dt}\boldsymbol{\omega} + I\frac{d\boldsymbol{\omega}}{dt}. ,torque (Q48103)
t,time (Q11471)
\boldsymbol{\tau} = I\boldsymbol{\alpha} + 2rp_{||}\boldsymbol{\omega}.,torque (Q48103)
alpha,angular acceleration (Q186300)
z,coordinate (Q12753000)
theta,angle (Q11352)
v,velocity (Q11465)
omega,angular velocity (Q161635)
r,radius (Q173817)
v = r\omega,linear velocity (N/A)
phi,angle (Q11352)
t,time (Q11471)
\omega = \frac{d\phi}{dt} = \frac{v_\perp}{r}.,radial velocity (N/A)
theta,angle (Q11352)
\omega = \frac{v\sin(\theta)}{r}.,angular velocity (Q161635)
u,vector (N/A)
P,power (Q25342)
F,force (Q11402)
p,momentum (Q41273)
t,time (Q11471)
"\vec{F} = \frac{\mathrm{d}\vec{p}}{\mathrm{d}t},",Newton's second law of motion (Q2397319)
v,velocity (Q11465)
m,mass (Q11423)
"\vec{F} = \frac{\mathrm{d}\vec{p}}{\mathrm{d}t} = \frac{\mathrm{d}\left(m\vec{v}\right)}{\mathrm{d}t},",Newton's second law of motion (Q2397319)
a,acceleration (Q11376)
\vec{F} = m\frac{\mathrm{d}\vec{v}}{\mathrm{d}t}.,Newton's second law of motion (Q2397319)
\vec{F} =m\vec{a}.,Newton's second law of motion (Q2397319)
"\vec{F}_{1,2}=-\vec{F}_{2,1}.",newton's third law of motion (N/A)
"\vec{F}_{1,2}+\vec{F}_{\mathrm{2,1}}=0.",newton's third law of motion (N/A)
"\frac{\mathrm{d}\vec{p}_1}{\mathrm{d}t} + \frac{\mathrm{d}\vec{p}_2}{\mathrm{d}t}= \vec{F}_{1,2} + \vec{F}_{2,1} = 0.",newton's laws of motion (N/A)
c,speed of light (Q2111)
\vec{F} = \frac{\mathrm{d}\vec{p}}{\mathrm{d}t},Newton's second law of motion (Q2397319)
" \vec{p} = \frac{m_0\vec{v}}{\sqrt{1 - v^2/c^2}},",Relativistic momentum (N/A)
x,coordinate (Q12753000)
y,coordinate (Q12753000)
z,coordinate (Q12753000)
gamma,Lorentz factor (Q599404)
 \gamma = \frac{1}{\sqrt{1 - v^2/c^2}}.,Lorentz factor (Q599404)
"\vec{F} = \left(\gamma^3 m a_x, \gamma m a_y, \gamma m a_z\right),",relativistic force (N/A)
F = m a,Newton's second law of motion (Q2397319)
mu,index (N/A)
A,matrix (Q44337)
"F^\mu = mA^\mu \,",relativistic force (N/A)
g,gravitational constant (Q18373)
\vec{F} = m\vec{g},gravitational force (Q11412)
G,gravitational constant (Q18373)
R,mean equatorial radius (N/A)
r,radius (Q173817)
\vec{g}=-\frac{Gm_\oplus}{{R_\oplus}^2} \hat{r},gravitational acceleration (Q30006)
\vec{F}=-\frac{Gm_{1}m_{2}}{r^2} \hat{r},gravitational force (Q11412)
E,electric field (N/A)
q,electric charge (Q1111)
B,Magnetic field (N/A)
I,electric current (N/A)
\vec{F} = q(\vec{E} + \vec{v} \times \vec{B}),electromagnetic force (Q849919)
B = {F \over{I \ell}},magnitude (Q2028919)
0 \le F_{\mathrm{sf}} \le \mu_{\mathrm{sf}} F_\mathrm{N}.,friction (N/A)
"F_{\mathrm{kf}} = \mu_{\mathrm{kf}} F_\mathrm{N},",friction (N/A)
\mu_{\mathrm{kf}},coefficient (Q50700)
Delta,displacement (Q190291)
k,constant (Q188248)
\vec{F}=-k \Delta \vec{x},Hooke's law (Q170282)
V,volume (Q39297)
P,pressure (Q39552)
\frac{\vec{F}}{V} = - \vec{\nabla} P,gradient (N/A)
b,constant (Q188248)
"\vec{F}_\mathrm{d} = - b \vec{v} \,",Stokes' law (Q824561)
sigma,stress (Q206175)
\sigma = \frac{F}{A},stress (Q206175)
tau,torque (Q48103)
alpha,angular acceleration (Q186300)
\vec{\tau} = I\vec{\alpha},torque (Q48103)
\vec{\tau} = \vec{r} \times \vec{F},torque (Q48103)
"\vec{\tau} = \frac{\mathrm{d}\vec{L}}{\mathrm{dt}},",torque (N/A)
\vec{F} = - \frac{mv^2 \hat{r}}{r},centripetal force (Q172881)
J,impulse (N/A)
W,work (Q42213)
"W=\int_{\vec{x}_1}^{\vec{x}_2}{\vec{F} \cdot{\mathrm{d}\vec{x}}},",work (Q42213)
{\vec{v}\text{ }=\text{ d}\vec{x}/\text{d}t},velocity (Q11465)
\vec{F}=-\vec{\nabla} U.,gradient (N/A)
U,potential energy (N/A)
\vec{F}_g = - \frac{G m_1 m_2}{r^2} \hat{r},gravitational force (Q11412)
\vec{F}_e = \frac{q_1 q_2}{4 \pi \epsilon_{0} r^2} \hat{r},electrostatic force (Q103438301)
epsilon,permittivity (Q211569)
\vec{F}_s = - k r \hat{r},Hooke's law (Q170282)
F,force (Q11402)
m,mass (Q11423)
a,acceleration (Q11376)
\boldsymbol{F} = m\boldsymbol{a},equation of motion (N/A)
U,velocity (Q11465)
f,parameter (Q1413083)
L,length (Q36253)
R,Rossby number (N/A)
Ro = \frac{U}{fL}.,Rossby number (N/A)
Omega,angular velocity (N/A)
omega,angular velocity (Q161635)
varphi,angle (N/A)
"\boldsymbol{ \Omega} = \omega \begin{pmatrix} 0 \\ \cos \varphi \\ \sin \varphi \end{pmatrix}\ ,",angular velocity (Q161635)
"\boldsymbol{ a}_C =-2\boldsymbol{\Omega \times v}= 2\,\omega\, \begin{pmatrix} v_n \sin \varphi-v_u \cos \varphi \\ -v_e \sin \varphi \\ v_e \cos\varphi\end{pmatrix}\ .",acceleration (Q11376)
v,velocity (Q11465)
" \boldsymbol{ v} = \begin{pmatrix} v_e \\ v_n\end{pmatrix}\ ,",velocity (Q11465)
"\boldsymbol{ \Omega} = \omega \begin{pmatrix} 0 \\ 1 \\ 0 \end{pmatrix}\ ,",angular velocity (Q161635)
"R= \frac {v}{f}\,",radius (Q173817)
omega,angular velocity (Q161635)
v,velocity (Q11465)
r,distance (Q126017)
\omega = \frac{v_{\perp}}{r},angular velocity (Q161635)
v_{\perp},velocity (Q11465)
alpha,angular acceleration (Q186300)
t,time (Q11471)
a,acceleration (Q11376)
\alpha = \frac{d}{dt}(\frac{v_{\perp}}{r}),angular acceleration (Q186300)
\alpha = \frac{1}{r}\frac{dv_{\perp}}{dt} - \frac{v_{\perp}}{r^2}\frac{dr}{dt},angular acceleration (Q186300)
\frac{dv_{\perp}}{dt},tangential acceleration (N/A)
a_{\perp},perpendicular acceleration (N/A)
\frac{dr}{dt},acceleration (Q11376)
\alpha = \frac{a_{\perp}}{r},angular acceleration (Q186300)
\boldsymbol\omega,angular velocity (Q161635)
\boldsymbol\omega =\frac{\mathbf r\times\mathbf v}{r^2},angular velocity (Q161635)
\mathbf r,position (N/A)
\mathbf v,velocity (Q11465)
\boldsymbol\alpha,acceleration (Q11376)
\boldsymbol\alpha = \frac{d}{dt}(\frac{\mathbf r\times\mathbf v}{r^2}),acceleration (Q11376)
\boldsymbol\alpha = \frac{1}{r^2}(\mathbf r\times \frac{d\mathbf v}{dt} + \frac{d\mathbf r}{dt}\times \mathbf v)-\frac{2}{r^3}\frac{dr}{dt}(\mathbf r\times\mathbf v)\\\\ = \frac{1}{r^2}(\mathbf r\times \mathbf a + \mathbf v\times \mathbf v)-\frac{2}{r^3}\frac{dr}{dt}(\mathbf r\times\mathbf v)\\\\= \frac{\mathbf r\times \mathbf a}{r^2}-\frac{2}{r^3}\frac{dr}{dt}(\mathbf r\times\mathbf v).,Circular acceleration (N/A)
\mathbf r\times\mathbf v,angular acceleration (Q186300)
r^2\boldsymbol{\omega},angular acceleration (Q186300)
-\frac{2}{r}\frac{dr}{dt}\boldsymbol{\omega},term (Q1969448)
 \boldsymbol\alpha = \frac{\mathbf r\times \mathbf a}{r^2},angular acceleration (Q186300)
\mathbf{a}_{\perp} =\boldsymbol{\alpha} \times\mathbf{r},acceleration (Q11376)
tau,torque (Q48103)
F,force (Q11402)
\boldsymbol{\tau}=\mathbf r\times \mathbf F,torque (Q48103)
\mathbf F,force (Q11402)
m,mass (Q11423)
\mathbf F = m\mathbf a,force (Q11402)
\boldsymbol{\tau}=m(\mathbf r\times \mathbf a)=mr^2(\frac{\mathbf r\times \mathbf a}{r^2}),torque (Q48103)
\boldsymbol{\alpha}=\frac{\mathbf r\times \mathbf a}{r^2}-\frac{2}{r}\frac{dr}{dt}\boldsymbol{\omega},acceleration (Q11376)
\boldsymbol{\alpha},acceleration (Q11376)
\boldsymbol{\omega},angular velocity (Q161635)
\boldsymbol{\tau} = mr^2(\boldsymbol{\alpha}+\frac{2}{r}\frac{dr}{dt}\boldsymbol{\omega})\\\\=mr^2\boldsymbol{\alpha}+2mr\frac{dr}{dt}\boldsymbol{\omega}.,torque (Q48103)
\boldsymbol{\tau} = mr^2\boldsymbol{\alpha},torque (Q48103)
mr^2,term (N/A)
v,velocity (Q11465)
t,time (Q11471)
Delta,interval (Q189962)
x,displacement (Q190291)
\boldsymbol{\bar{v}} = \frac{\Delta\boldsymbol{x}}{\Delta\mathit{t}} .,velocity (Q11465)
"\boldsymbol{\bar{v}} = {1 \over t_1 - t_0 } \int_{t_0}^{t_1} \boldsymbol{v}(t) \ dt ,",velocity (Q11465)
\boldsymbol{v} = \lim_{{\Delta t}\to 0} \frac{\Delta \boldsymbol{x}}{\Delta t} = \frac{d\boldsymbol{x}}{d\mathit{t}} .,velocity (Q11465)
\boldsymbol{x} = \int \boldsymbol{v} \ d\mathit{t} .,displacement (Q190291)
a,acceleration (Q11376)
 \boldsymbol{a} = \frac{d\boldsymbol{v}}{d\mathit{t}} .,acceleration (Q11376)
\boldsymbol{v} = \int \boldsymbol{a} \ d\mathit{t} .,velocity (Q11465)
u,velocity (Q11465)
\boldsymbol{v} = \boldsymbol{u} + \boldsymbol{a}t,velocity (Q11465)
\boldsymbol{x} = \frac{(\boldsymbol{u} + \boldsymbol{v})}{2}\mathit{t} = \boldsymbol{\bar{v}}\mathit{t},displacement (Q190291)
E,energy (Q11379)
m,mass (Q11423)
E_{\text{k}} = \tfrac{1}{2}mv^{2},kinetic energy (Q46276)
p,momentum (Q41273)
\boldsymbol{p}=m\boldsymbol{v},momentum (Q41273)
c,speed of light (Q2111)
gamma,Lorentz factor (Q599404)
r,radius (Q173817)
\gamma = \frac{1}{\sqrt{1-\frac{v^{2}}{c^{2}}}},Lorentz factor (Q599404)
"v_{\text{e}} = \sqrt{\frac{2GM}{r}} = \sqrt{2gr},",escape velocity (N/A)
\boldsymbol{v}_{A\text{ relative to }B} = \boldsymbol{v} - \boldsymbol{w},velocity (Q11465)
\boldsymbol{v}=\boldsymbol{v}_T+\boldsymbol{v}_R,velocity (Q11465)
L,angular momentum (N/A)
omega,angular velocity (Q161635)
"L=mrv_T=mr^2\omega\,",angular momentum (N/A)
p,momentum (Q41273)
m,mass (Q11423)
v,velocity (Q11465)
p = m v. ,momentum (Q41273)
"  p = p_1 + p_2 \\= m_1 v_1 + m_2 v_2\,.  ",momentum (Q41273)
 p = \sum_{i} m_i v_i .,momentum (Q41273)
r,center of mass (N/A)
p= mv_\text{cm}.,momentum (Q41273)
F,force (Q11402)
t,time (Q11471)
Delta,changes (N/A)
"\Delta p = F \Delta t\,.",Newton's second law of motion (Q2397319)
F = \frac{dp }{d t}. ,Newton's second law of motion (Q2397319)
J,impulse (N/A)
" \Delta p = J = \int_{t_1}^{t_2} F(t)\, dt\,.",Newton's second law of motion (Q2397319)
"F = \frac{d(mv)}{d t} = m\frac{dv}{d t} = m a,",Newton's second law of motion (Q2397319)
a,acceleration (Q11376)
" \frac{d p_1}{d t} = - \frac{d p_2}{d t}, ",Newton's third law of motion (N/A)
 \frac{d}{d t} \left(p_1+ p_2\right)= 0. ,Newton's laws of motion (N/A)
m_1 u_{1} + m_2 u_{2} = m_1 v_{1} + m_2 v_{2}.,momentum conservation (Q2305665)
u,velocity (Q11465)
x,coordinate (Q12753000)
" x' = x - ut\,.",Galileian transformation (N/A)
" v' = \frac{dx'}{dt} = v-u\,.",Galilean transformation (N/A)
" a' = \frac{dv'}{dt} = a\,.",Galilean transformation (N/A)
\mathbf{p}= m \mathbf{v},momentum (Q41273)
 F = m(t) \frac{dv}{dt} + v(t) \frac{dm}{dt}.,Newton's second law of motion (Q2397319)
" F = m(t) \frac{dv}{dt} - u \frac{dm}{dt},",Newton's second law of motion (Q2397319)
 P(t+dt) = ( m - dm ) ( v + dv ) + dm ( v - u ) = mv+m dv - u dm = P(t) +m dv - u dm ,momentum (Q41273)
  t' = t  \\  x' = x - v t,Galilean transformation (N/A)
"  t' = \gamma \left( t - \frac{v x}{c^2} \right)  \\  x' = \gamma \left( x - v t \right)\,",Lorentz transformation (Q217255)
gamma,Lorentz factor (Q599404)
\gamma = \frac{1}{\sqrt{1 - v^2/c^2}}. ,Lorentz factor (Q599404)
" \mathbf{p} = \gamma m_0 \mathbf{v}\,,",momentum (Q41273)
" \mathbf{F} = \frac{d \mathbf{p}}{dt}\,.",Newton's second law of motion (Q2397319)
P,momentum (Q41273)
U,velocity (Q11465)
" \mathbf{U} \equiv \frac{d \mathbf{R}}{d \tau} = \gamma \frac{d \mathbf{R}}{dt}\,,",four-velocity (N/A)
"\mathbf{P} = m_0\mathbf{U}\,,",four-momentum (Q1068463)
"\mathbf{P} = \gamma m_0 \left(c,\mathbf{v}\right) = (m c,\mathbf{p})\,.",four-momentum (Q1068463)
E,energy (Q11379)
c,speed of light (Q2111)
"\mathbf{P} = \left(\frac{E}{c}, \mathbf{p}\right)\,.",four-momentum (Q1068463)
"E = pc\,.",relativistic energy-momentum relationship (N/A)
omega,angular velocity (Q161635)
K,wavevector (N/A)
k,wavenumber (Q192510)
"\mathbf{P} = \left(\frac{E}{c},\vec{\mathbf{p}}\right) = \hbar \mathbf{K} = \hbar \left(\frac{\omega}{c},\vec{\mathbf{k}}\right)",energy-momentum relationship (N/A)
 \mathcal{,lagrange (N/A)
T,kinetic energy (Q46276)
V,potential (Q12559031)
" \mathcal{L}  = T-V\,.",lagrange (N/A)
q,coordinates (N/A)
" \frac{d}{d t}\left(\frac{\partial \mathcal{L} }{\partial\dot{q}_j}\right) - \frac{\partial \mathcal{L}}{\partial q_j} = 0\,.",Euler-Lagrange equation (N/A)
H,hamiltonian (N/A)
" \mathcal{H}\left(\mathbf{q},\mathbf{p},t\right) = \mathbf{p}\cdot\dot{\mathbf{q}} - \mathcal{L}\left(\mathbf{q},\dot{\mathbf{q}},t\right)\,,",hamiltonian (N/A)
" \dot{q}_i = \frac{\partial\mathcal{H}}{\partial p_i}\\-\dot{p}_i = \frac{\partial\mathcal{H}}{\partial q_i}\\-\frac{\partial \mathcal{L}}{\partial t} = \frac{d \mathcal{H}}{d t}\,.",momentum (Q41273)
B,magnetic field (N/A)
\mathbf{F} = q(\mathbf{E} + \mathbf{v} \times \mathbf{B}).,electromagnetic force (Q849919)
"\mathbf{P} = m\mathbf{\mathbf{v}} + q\mathbf{A}, ",momentum of electron (N/A)
A,gauge (Q2330873)
\mathbf{P} = \gamma m\mathbf{\mathbf{v}} + q\mathbf{A}. ,momentum of electron (N/A)
" \mathbf{g} = \frac{1}{\mu_0 c^2}\mathbf{E}\times\mathbf{B}\,,",momentum (Q41273)
S,Poynting vector (N/A)
g,momentum (Q41273)
F,force (Q11402)
m,mass (Q11423)
r,radius (Q173817)
v,velocity (Q11465)
a,acceleration (Q11376)
c,index (N/A)
t,time (Q11471)
omega,angular velocity (Q161635)
F_c = ma_c = \frac{m v^2}{r},centripetal force (Q172881)
a_c = \frac{v}{t}\hat{r} = \frac{r\omega}{t}\hat{r} = v\omega = \frac{v^2}{r},centripetal acceleration (Q2248131)
v = \omega r,tangential velocity (N/A)
"F_c = m r \omega^2 \,.",centripetal force (Q172881)
pi,constant (Q188248)
T,period (Q2642727)
"\omega = \frac{2\pi}{T} \,",angular velocity (Q161635)
F_c = m r \left(\frac{2\pi}{T}\right)^2.,centripetal force (Q172881)
gamma,Lorentz factor (Q599404)
\gamma = \frac{1}{\sqrt{1-\frac{v^2}{c^2}}},Lorentz factor (Q599404)
F_c = \frac{\gamma m v^2}{r},centripetal force (Q172881)
F_c = \gamma m v \omega,centripetal force (Q172881)
theta,angle (Q11352)
x,coordinate (Q12753000)
y,coordinate (Q12753000)
 \textbf{r} = r \cos(\theta) \hat{x} + r \sin(\theta) \hat{y}. ,position (N/A)
 \textbf{r} = r \cos(\omega t) \hat{x} + r \sin(\omega t) \hat{y} ,position (N/A)
 \dot{\textbf{r}} = \textbf{v} = - r \omega \sin(\omega t) \hat{x} + r \omega \cos(\omega t) \hat{y} ,velocity (Q11465)
 \ddot{\textbf{r}} = \textbf{a} = - r \omega^2 \cos(\omega t) \hat{x} - r \omega^2 \sin(\omega t) \hat{y} ,acceleration (Q11376)
 \textbf{a} = - \omega^2 (r \cos(\omega t) \hat{x} + r \sin(\omega t) \hat{y}) ,acceleration (Q11376)
 \textbf{a} = - \omega^2 \textbf{r}. ,acceleration (Q11376)
Omega,angular velocity (N/A)
" |\mathbf{\Omega}| = \frac {\mathrm{d} \theta } {\mathrm{d}t} = \omega \ , ",angular velocity (Q161635)
 \mathbf{v}\ \stackrel{\mathrm{def}}{ = }\ \frac {\mathrm{d} \mathbf{r}}{\mathrm{d}t} = \frac {\mathrm{d}\mathbf{\boldsymbol{\ell}}}{\mathrm{d}t} = \mathbf {\Omega} \times \mathbf{r}(t)\ . ,velocity (Q11465)
 \mathbf{a}\ \stackrel{\mathrm{def}}{ = }\ \frac {\mathrm{d} \mathbf{v}} {d\mathrm{t}} = \mathbf {\Omega} \times \frac{\mathrm{d} \mathbf{r}(t)}{\mathrm{d}t} = \mathbf{\Omega} \times \left[ \mathbf {\Omega} \times \mathbf{r}(t)\right] \ .,Circular acceleration (N/A)
 |\mathbf{a}| = |\mathbf{r}(t)| \left ( \frac {\mathrm{d} \theta}{\mathrm{d}t} \right) ^2 = r {\omega}^2\ ,acceleration (Q11376)
g,gravitational constant (Q18373)
 |\mathbf{F}_\mathrm{h}| = m |\mathbf{g}| \frac { \mathrm{sin}\ \theta}{ \mathrm {cos}\ \theta} = m|\mathbf{g}| \mathrm{tan}\ \theta \ . ,force (Q11402)
|\mathbf{F}_\mathrm{c}| = m |\mathbf{a}_\mathrm{c}| = \frac{m|\mathbf{v}|^2}{r} \ . ,force (Q11402)
} \mathbf{,velocity (Q11465)
\mathbf{v} = r \frac {\mathrm{d} \mathbf{u}_\mathrm{r}}{\mathrm{d}t} = r \frac {\mathrm{d}}{\mathrm{d}t} \left( \mathrm{cos}\ \theta \ \mathbf{i} + \mathrm{sin}\ \theta \ \mathbf{j}\right),velocity (Q11465)
\mathbf{a} = r \left( \frac {\mathrm{d}\omega}{\mathrm{d}t} \mathbf{u}_\mathrm{\theta} - \omega^2 \mathbf{u}_\mathrm{r} \right) \ . ,acceleration (Q11376)
\mathbf{a}_{\mathrm{r}} = - \omega^{2} r \ \mathbf{u}_\mathrm{r} = - \frac{|\mathbf{v}|^{2}}{r} \ \mathbf{u}_\mathrm{r} \ ,acceleration (Q11376)
rho,distance (Q126017)
u,angle (N/A)
omega,angular velocity (Q161635)
pi,constant (Q188248)
T,period (Q2642727)
f,frequency (Q11652)
"\omega = {{2 \pi} \over T} = {2 \pi f} , ",angular frequency (Q834020)
h,Planck constant (Q122894)
r,distance (Q126017)
v,speed (Q3711325)
vT,distance (Q126017)
2\pi r,circumference (Q843905)
\omega = v/r.,frequency (Q11652)
"a = -\omega^2 x, ",acceleration (Q11376)
a,acceleration (Q11376)
 a = -4 \pi^2 f^2 x. ,acceleration (Q11376)
x,displacement (Q190291)
k,constant (Q188248)
m,mass (Q11423)
" \omega = \sqrt{\frac{k}{m}}, ",angular frequency (Q834020)
C,capacitance (N/A)
L,impedance (Q179043)
\omega = \sqrt{\frac{1}{LC}}.,angular frequency (Q834020)
tau,torque (Q48103)
r,distance (Q126017)
F,force (Q11402)
theta,angle (Q11352)
"\boldsymbol \tau = \mathbf{r}\times \mathbf{F}\,\!",torque (Q48103)
"\tau = \|\mathbf{r}\|\,\|\mathbf{F}\|\sin \theta\,\!",torque (Q48103)
"\boldsymbol{\tau} = \mathbf{r} \times \mathbf{F},",torque (Q48103)
"\tau = rF\sin\theta,\!",torque (Q48103)
"\tau = rF_{\perp},",torque (Q48103)
L,angular momentum (N/A)
omega,angular velocity (Q161635)
I,moment of inertia (Q165618)
t,time (Q11471)
\boldsymbol{\tau} = \frac{\mathrm{d}\mathbf{L}}{\mathrm{d}t},torque (Q48103)
alpha,angular acceleration (Q186300)
m,mass (Q11423)
"\mathbf{L} = I\boldsymbol{\omega},",angular momentum (N/A)
"\boldsymbol{\tau}_{\mathrm{net}} = \frac{\mathrm{d}\mathbf{L}}{\mathrm{d}t} = \frac{\mathrm{d}(I\boldsymbol{\omega})}{\mathrm{d}t} = I\frac{\mathrm{d}\boldsymbol{\omega}}{\mathrm{d}t} + \frac{\mathrm{d}I}{\mathrm{d}t}\boldsymbol{\omega} = I\boldsymbol{\alpha} + \frac{\mathrm{d}(mr^2)}{\mathrm{d}t}\boldsymbol{\omega} = I\boldsymbol{\alpha} + 2rp_{||}\boldsymbol{\omega},",torque (Q48103)
\mathbf{L} = \mathbf{r} \times \boldsymbol{p},angular momentum (N/A)
p,momentum (Q41273)
\frac{\mathrm{d}\mathbf{L}}{\mathrm{d}t} = \mathbf{r} \times \mathbf{F}_{\mathrm{net}} =  \boldsymbol{\tau}_{\mathrm{net}}.,torque (Q48103)
\frac{\mathrm{d}\mathbf{L}}{\mathrm{d}t} = \mathbf{r} \times \frac{\mathrm{d}\boldsymbol{p}}{\mathrm{d}t} + \frac{\mathrm{d}\mathbf{r}}{\mathrm{d}t} \times \boldsymbol{p}.,torque (Q48103)
\frac{\mathrm{d}\mathbf{L}}{\mathrm{d}t} = \mathbf{r} \times \mathbf{F} + \mathbf{v} \times \boldsymbol{p}. ,torque (Q48103)
\tau = (\text{moment arm}) (\text{force}).,force (Q11402)
\tau = (\text{distance to centre}) (\text{force}).,force (Q11402)
W,work (Q42213)
" W = \int_{\theta_1}^{\theta_2} \tau\ \mathrm{d}\theta,",work (Q42213)
E,energy (Q11379)
P,power (Q25342)
"E_{\mathrm{r}} = \tfrac{1}{2}I\omega^2,",kinetic energy (Q46276)
"P = \boldsymbol{\tau} \cdot \boldsymbol{\omega},",power (Q25342)
nu,frequency (Q11652)
P = \tau \cdot 2 \pi \cdot \nu,power (Q25342)
pi,constant (Q188248)
\text{power}  = \frac{\text{force} \cdot \text{linear distance}}{\text{time}} \\[6pt] = \frac{\left(\dfrac{\text{torque}} r \right) \cdot (r \cdot \text{angular speed} \cdot t)} t \\[6pt] = \text{torque} \cdot \text{angular speed}.,power (Q25342)
f,frequency (Q11652)
T,period (Q2642727)
f = \frac{1}{T}.,frequency (Q11652)
t,time (Q11471)
theta,angle (Q11352)
omega,angular velocity (Q161635)
pi,constant (Q188248)
y,coordinate (Q12753000)
\frac{\mathrm{d} \theta}{\mathrm{d} t} = \omega = 2 \mathrm{\pi} f,angular velocity (Q161635)
y(t) = \sin\left( \theta(t) \right) =  \sin(\omega t) =  \sin(2 \mathrm{\pi} f t),coordinate (N/A)
"y(t) = \sin\left( \theta(t,x) \right) = \sin(\omega t + kx)",Coordinate (N/A)
k,wavenumber (Q192510)
x,coordinate (Q12753000)
\frac{\mathrm{d} \theta}{\mathrm{d} x} = k,wavenumber (Q192510)
v,phase velocity (Q13824)
c,speed of light (Q2111)
lambda,wavelength (Q41364)
f = \frac{v}{\lambda}.,frequency (Q11652)
f = \frac{c}{\lambda}.,frequency (Q11652)
\displaystyle c=f\lambda,speed of light (Q2111)
R,center of mass (N/A)
"\mathbf{R} = \frac 1M \sum_{i=1}^n m_i \mathbf{r}_i,",center of mass (Q2945123)
m,mass (Q11423)
n,integer (Q12503)
i,integer (N/A)
r,coordinate (Q12753000)
V,volume (Q39297)
"\mathbf R = \frac 1M \iiint\limits_{Q}\rho(\mathbf{r}) \mathbf{r} dV,",center of mass (Q2945123)
rho,density (Q29539)
 \mathbf{R} = \frac{1}{m_1+m_2}(m_1 \mathbf{r}_1 + m_2\mathbf{r}_2).,center of mass (Q2945123)
xi,coordinate (N/A)
zeta,coordinate (N/A)
"\overline{\xi} = \frac 1M \sum_{i=1}^n m_i \xi_i,",center of mass (Q2945123)
"\overline{\zeta} = \frac 1M \sum_{i=1}^n m_i \zeta_i,",center of mass (Q2945123)
theta,angle (Q11352)
x,coordinate (N/A)
" \overline{\theta} = \mathrm{atan2}(-\overline{\zeta},-\overline{\xi}) + \pi ",center of mass (Q2945123)
 x_{com} = x_{max} \frac{ \overline{\theta}}{2 \pi} ,center of mass (Q2945123)
pi,constant (Q188248)
F,force (Q11402)
M,mass (Q11423)
g,gravitational constant (Q18373)
" \mathbf{F} = \iiint\limits_{Q} \mathbf{f}(\mathbf{r})dV =  \iiint\limits_{Q}\rho(\mathbf{r})dV( -g\vec{k}) = -Mg\vec{k},",force (Q11402)
 \mathbf{T} =  \iiint\limits_{Q} (\mathbf{r}-\mathbf{R})\times \mathbf{f}(\mathbf{r})dV = \iiint\limits_{Q} (\mathbf{r}-\mathbf{R})\times   (-g\rho(\mathbf{r})dV\vec{k} )= \left(\iiint\limits_{Q} \rho(\mathbf{r}) (\mathbf{r}-\mathbf{R})dV \right)\times   (-g\vec{k}) .,torque (Q48103)
" \mathbf{r}_i = (\mathbf{r}_i - \mathbf{R}) + \mathbf{R}, \quad \mathbf{v}_i = \frac{d}{dt}(\mathbf{r}_i - \mathbf{R}) + \mathbf{v}.",position (N/A)
p,momentum (Q41273)
" \mathbf{p} = \frac{d}{dt}\left(\sum_{i=1}^n m_i (\mathbf{r}_i - \mathbf{R})\right) + \left(\sum_{i=1}^n m_i\right) \mathbf{v},",momentum (Q41273)
L,angular momentum (Q161254)
 \mathbf{L} = \sum_{i=1}^n m_i (\mathbf{r}_i-\mathbf{R})\times \frac{d}{dt}(\mathbf{r}_i - \mathbf{R}) + \left(\sum_{i=1}^n m_i \right) \left[\mathbf{R} \times \frac{d}{dt}(\mathbf{r}_i - \mathbf{R}) + (\mathbf{r}_i - \mathbf{R}) \times \mathbf{v} \right] + \left(\sum_{i=1}^n m_i \right)\mathbf{R} \times \mathbf{v},angular momentum (Q161254)
t,time (Q11471)
v,velocity (Q11465)
" \mathbf{p} = m\mathbf{v},\quad \mathbf{L} = \sum_{i=1}^n m_i (\mathbf{r}_i-\mathbf{R})\times \frac{d}{dt}(\mathbf{r}_i - \mathbf{R}) + \sum_{i=1}^n m_i \mathbf{R} \times \mathbf{v}",momentum (Q41273)
"\mathbf{T}= (\mathbf{r}_1-\mathbf{R})\times\mathbf{F}_1+(\mathbf{r}_2-\mathbf{R})\times\mathbf{F}_2+(\mathbf{r}_3-\mathbf{R})\times\mathbf{F}_3=0,",torque (Q48103)
 \mathbf{R}^* =-\frac{1}{W} \mathbf{\hat{k}}\times(\mathbf{r}_1\times\mathbf{F}_1+\mathbf{r}_2\times\mathbf{F}_2+\mathbf{r}_3\times\mathbf{F}_3).,center of mass (Q2945123)
theta,angle (Q11352)
omega,angular velocity (Q161635)
pi,constant (Q188248)
f,frequency (Q11652)
t,time (Q11471)
T,period (Q2642727)
\omega = \frac {2 \pi}{T} = 2\pi f = \frac{d\theta}{dt} \ ,angular velocity (Q161635)
r,radius (Q173817)
v,velocity (Q11465)
v = \frac{2 \pi r}{T} = \omega r,velocity (Q11465)
\alpha = \frac{d\omega}{dt},acceleration (Q11376)
"\theta = 2 \pi \frac{t}{T} = \omega t\,",velocity (Q11465)
R,displacement (N/A)
u,vector (N/A)
\vec{v}(t) = \frac{d}{dt} \vec{r}(t) = \frac{d R}{dt} \hat{u}_R(t) + R \frac{d \hat{u}_R}{dt} \ .,velocity (Q11465)
m,mass (Q11423)
a,acceleration (Q11376)
F,force (Q11402)
"  F_{net} = ma\, \\  F_{net} = ma_r\, \\  F_{net} = \frac{mv^2}{r}\, \\  F_{net} = F_c\,",force (Q11402)
v,velocity (Q11465)
t,time (Q11471)
s,displacement (Q190291)
\mathbf{s} = \mathbf{v}t ,uniform motion (Q376742)
theta,angle (Q11352)
A,matrix (Q44337)
lambda,eigenvalue (Q21406831)
A =\begin{bmatrix}  \cos \theta  -\sin \theta\\  \sin \theta   \cos \theta\end{bmatrix},rotation (Q107617)
F,force (Q11402)
k,constant (Q188248)
x,displacement (Q190291)
" \vec F = -k \vec x, ",Hooke's law (Q170282)
m,mass (Q11423)
a,acceleration (Q11376)
t,time (Q11471)
A,amplitude (N/A)
omega,angular velocity (Q161635)
varphi,phase (N/A)
F = m a = m \frac{\mathrm{d}^2x}{\mathrm{d}t^2} = m\ddot{x} = -k x. ,Newton's second law of motion (Q2397319)
" x(t) = A \cos(\omega t + \varphi), ",Spherical pendulum (Q3299367)
\omega = \sqrt{\frac k m}.,angular frequency (Q834020)
T,period (Q2642727)
pi,constant (Q188248)
U,potential energy (N/A)
U = \frac 1 2 kx^2.,elastic energy (Q891408)
c,constant (Q188248)
" F = - kx - c\frac{\mathrm{d}x}{\mathrm{d}t} = m \frac{\mathrm{d}^2x}{\mathrm{d}t^2},",Newton's second law of motion (Q2397319)
zeta,damping (N/A)
\omega_0 = \sqrt{\frac k m},angular frequency (Q834020)
\zeta = \frac{c}{2\sqrt{mk}},damping (Q1127660)
Q,damping (N/A)
F(t)-kx-c\frac{\mathrm{d}x}{\mathrm{d}t}=m\frac{\mathrm{d}^2x}{\mathrm{d}t^2}. ,Newton's second law of motion (Q2397319)
"z(t) = A \mathrm{e}^{-\zeta \omega_0 t} \sin \left( \sqrt{1 - \zeta^2} \omega_0 t + \varphi \right), ",oscillations (N/A)
z,coordinate (Q12753000)
e,constant (Q188248)
" x(t) = 1 - \mathrm{e}^{-\zeta \omega_0 t} \frac{\sin \left( \sqrt{1 - \zeta^2} \omega_0 t + \varphi \right)}{\sin(\varphi)},",phase (N/A)
Z,mechanical impedance (Q6421317)
 Z_m = \sqrt{\left(2\omega_0\zeta\right)^2 + \frac{1}{\omega^2} (\omega_0^2 - \omega^2)^2},mechanical impedance (Q6421317)
tau,time (Q11471)
q,coordinate (N/A)
\frac{\mathrm{d}^2q}{\mathrm{d} \tau^2} + 2 \zeta \frac{\mathrm{d}q}{\mathrm{d}\tau} + q = 0,equation of motion (N/A)
\frac{\mathrm{d}^2q}{\mathrm{d} \tau^2} + 2 \zeta \frac{\mathrm{d}q}{\mathrm{d}\tau} + q = \cos(\omega \tau).,equation of motion (N/A)
q_t (\tau) = \begin{cases} \mathrm{e}^{-\zeta\tau} \left( c_1 \mathrm{e}^{\tau \sqrt{\zeta^2 - 1}} + c_2 \mathrm{e}^{- \tau \sqrt{\zeta^2 - 1}} \right)  \zeta gt; 1 \text{ (overdamping)} \\ \mathrm{e}^{-\zeta\tau} (c_1+c_2 \tau) = \mathrm{e}^{-\tau}(c_1+c_2 \tau)  \zeta = 1 \text{ (critical damping)} \\ \mathrm{e}^{-\zeta \tau} \left[ c_1 \cos \left(\sqrt{1-\zeta^2} \tau\right) + c_2 \sin\left(\sqrt{1-\zeta^2} \tau\right) \right]  \zeta lt; 1 \text{ (underdamping)}\end{cases},equations of motion (N/A)
-\omega^2 A + 2 \zeta \mathrm{i} \omega A + A = \mathrm{e}^{-\mathrm{i} \varphi} = \cos\varphi - \mathrm{i} \sin\varphi.,amplitude (N/A)
V,potential (Q12559031)
theta,angle (Q11352)
\frac{d^2\theta}{dt^2} + \frac{g}{l}\sin\theta = 0.,pendulum (Q20702)
g,gravitational constant (Q18373)
"\theta(t) = \theta_0 \cos\left(\sqrt{\frac{g}{l}} t\right),",period (Q3382125)
l,length (Q36253)
t,time (Q11471)
a,acceleration (Q11376)
v,velocity (Q11465)
r,position (N/A)
"\vec \jmath(t) = \frac{\mathrm{d} \vec a(t)}{\mathrm{d}t} = \frac{\mathrm{d}^2 \vec v(t)}{\mathrm{d}t^2} = \frac{\mathrm{d}^3 \vec r(t)}{\mathrm{d}t^3} ,",jerk (Q497332)
m,mass (Q11423)
F,force (Q11402)
F = m \cdot a,Newton's second law of motion (Q2397319)
omega,angular velocity (Q161635)
theta,angle (Q11352)
alpha,angular acceleration (Q186300)
zeta,jerk (N/A)
\omega(t)=\dot\theta(t)=\frac{\mathrm {d}\theta(t)} {\mathrm {d}t},angular velocity (Q161635)
"\alpha(t)=\dot\omega(t)=\frac{\mathrm {d}\omega(t)} {\mathrm {d} t},",angular acceleration (Q186300)
"\zeta(t) = \dot {\alpha}(t) =\ddot\omega(t) = \overset{...}{ \theta}(t),",jerk (Q497332)
Omega,angular velocity (N/A)
\vec {\alpha}(t) = \frac {\mathrm {d}} {\mathrm {d} t} \vec {\Omega}(t)= \dot {\vec \Omega}(t),angular acceleration (Q186300)
\vec \zeta(t) = \frac {\mathrm {d}}{\mathrm {d}t}\vec{\alpha}(t)=\dot{\vec\alpha}(t),jerk (Q497332)
v,speed (Q3711325)
d,distance (Q126017)
t,time (Q11471)
"v = \frac{d}{t},",speed (Q3711325)
r,coordinate (Q12753000)
"v = \left|\boldsymbol v\right| = \left|\dot {\boldsymbol r}\right| = \left|\frac{d\boldsymbol r}{dt}\right|\,.",speed (Q3711325)
s,distance (Q126017)
v = \frac{ds}{dt}.,speed (Q3711325)
"d = \boldsymbol{\bar{v}}t\,.",speed (Q3711325)
omega,angular velocity (Q161635)
"v \propto \!\, r \omega\,,",tangential velocity (N/A)
"v = r\omega\,.",tangential velocity (N/A)
F,force (Q11402)
theta,angle (Q11352)
W,work (Q42213)
 W = F s \cos{\theta},work (Q42213)
s,displacement (Q190291)
 W = F s,work (Q42213)
" W = \int_C F\,ds",work (Q42213)
" W =  \int_{t_1}^{t_2}\mathbf{F} \cdot \mathbf{v}dt =  \int_{t_1}^{t_2}\mathbf{F} \cdot {\tfrac{d\mathbf{s}}{dt}}dt =\int_C \mathbf{F} \cdot d\mathbf{s},",work (Q42213)
W = \int_C \mathbf{F} \cdot d\mathbf{s} = Fs\cos\theta.,work (Q42213)
 W = \int_{a}^{b} \mathbf{F(s)} \cdot d\mathbf{s},work (Q42213)
omega,angular velocity (Q161635)
t,time (Q11471)
T,kinetic energy (Q46276)
" dW = \mathbf{T}\cdot\vec{\omega}dt,",work (Q42213)
 W =  \int_{t_1}^{t_2}\mathbf{T}\cdot\vec{\omega}dt.,work (Q42213)
tau,torque (Q48103)
" \mathbf{T}=\tau\mathbf{S},",torque (Q48103)
phi,angle (Q11352)
 W=Fs = Fr\phi .,work (Q42213)
" W = \int_C \mathbf{F} \cdot d\mathbf{x} =  \int_{t_1}^{t_2}\mathbf{F}\cdot \mathbf{v}dt,",work (Q42213)
 W = \int_C \mathbf{F} \cdot \mathrm{d}\mathbf{x} =  \int_{\mathbf{x}(t_1)}^{\mathbf{x}(t_2)} \mathbf{F} \cdot \mathrm{d}\mathbf{x} =  U(\mathbf{x}(t_1))-U(\mathbf{x}(t_2)).,work (Q42213)
U,potential energy (N/A)
x,coordinate (Q12753000)
y,coordinate (Q12753000)
z,coordinate (Q12753000)
" \nabla W =  -\nabla U= -\left(\frac{\partial U}{\partial x}, \frac{\partial U}{\partial y}, \frac{\partial U}{\partial z}\right) = \mathbf{F},",force (Q11402)
P,power (Q25342)
v,velocity (Q11465)
P(t) = -\nabla U \cdot \mathbf{v} = \mathbf{F}\cdot\mathbf{v}.,power (Q25342)
m,mass (Q11423)
W = F_g (y_2 - y_1) = F_g\Delta y = - mg\Delta y,work (Q42213)
r,radius (Q173817)
" \mathbf{F}=-\frac{GMm}{r^3}\mathbf{r},",force (Q11402)
" U=-\frac{GMm}{r}, ",gravitational potential (N/A)
 W=-\int^{\mathbf{r}(t_2)}_{\mathbf{r}(t_1)}\frac{GMm}{r^3}\mathbf{r}\cdot d\mathbf{r}=-\int^{t_2}_{t_1}\frac{GMm}{r^3}\mathbf{r}\cdot\mathbf{v}dt.,work (Q42213)
 W=\int_0^t\mathbf{F}\cdot\mathbf{v}dt =-\int_0^tkx v_x dt = -\frac{1}{2}kx^2. ,work (Q42213)
k,constant (Q188248)
V,volume (Q39297)
 W=\int_a^b{P}dV  ,work (Q42213)
 W=\Delta E_k=\tfrac12mv_2^2-\tfrac12mv_1^2,work (Q42213)
F,force (Q11402)
M,mass (Q11423)
m,mass (Q11423)
a,acceleration (Q11376)
g,gravitational constant (Q18373)
F = M g.,gravitational force (Q11412)
F = m a.,Newton's second law of motion (Q2397319)
a=\frac{M}{m}g.,gravitational acceleration (Q30006)
mu,distance (Q126017)
pi,constant (Q188248)
\mu=4\pi^2\frac{\text{distance}^3}{\text{time}^2}\propto\text{gravitational mass},free fall (Q140028)
1.2\pi^2\cdot10^{-5}\frac{\text{AU}^3}{\text{y}^2}=3.986\cdot10^{14}\frac{\text{m}^3}{\text{s}^2},acceleration (Q11376)
R,radius (Q173817)
\mathbf{g}=-\mu\frac{\hat{\mathbf{R}}}{|\mathbf{R}|^2},gravitational acceleration (Q30006)
\mathbf{F}_{\text{AB}}=-GM_{\text{A}}M_{\text{B}}\frac{\hat{\mathbf{R}}_{\text{AB}}}{|\mathbf{R}_{\text{AB}}|^2}\ ,gravitational force (Q11412)
F=Mg,Newton's second law of motion (Q2397319)
"\mathbf{F}=m \mathbf{a},",Newton's second law (N/A)
"\mathbf{F_{12}}  =m_1\mathbf{a}_1,\\\mathbf{F_{21}}  =m_2\mathbf{a}_2,",Newton' s second law (N/A)
\mathbf{F}_{12}=-\mathbf{F}_{21};,Newton's third law of motion (Q3235565)
p,momentum (Q41273)
v,velocity (Q11465)
\mathbf{p}=m\mathbf{v},momentum (Q41273)
K,kinetic energy (N/A)
K=\dfrac{1}{2}m|\mathbf{v}|^2,kinetic energy (Q46276)
gamma,lorentz factor (Q599404)
c,speed of light (Q2111)
\gamma = \frac{1}{\sqrt{1 - v^2/c^2}},Lorentz factor (Q599404)
E,energy (Q11379)
(m_\mathrm{rest})c^2=\sqrt{E_\mathrm{total}^2-(|\mathbf{p}|c)^2}.\!,rest mass (Q96941619)
E_\mathrm{rest}=(m_\mathrm{rest})c^2\!,rest energy (Q11663629)
 E_\mathrm{total}=(m_\mathrm{relative})c^2\!,mass-energy equivalence (Q35875)
t,time (Q11471)
L,Lagrangian (N/A)
Psi,wavefunction (N/A)
"\frac{\mathrm{d}}{\mathrm{d}t} \ \left( \, \frac{\partial L}{\partial \dot{x}_i} \, \right) \ = \ m \, \ddot{x}_i ",operator (Q2597952)
V,potential (Q12559031)
x,coordinate (Q12753000)
i,number (N/A)
psi,wavefunction (N/A)
r,coordinate (Q12753000)
"i\hbar\frac{\partial}{\partial t} \Psi(\mathbf{r},\,t) =  \left(-\frac{\hbar^2}{2m}\nabla^2 + V(\mathbf{r})\right)\Psi(\mathbf{r},\,t)",Dirac equation (Q272621)
"(-i\gamma^\mu\partial_\mu + m) \psi = 0\,",Dirac equation in curved spacetime (Q16853908)
phi,wavefunction (N/A)
E^2 = p^2c^2 + m^2c^4 \;,energy-momentum relation (N/A)
G_{\psi} \overline{\psi} \phi \psi,tachyons (N/A)
M,continuous function (Q5165476)
r,position (N/A)
t,time (Q11471)
"M\left[\mathbf{r}(t),\mathbf{\dot{r}}(t),\mathbf{\ddot{r}}(t),t\right]=0\,,",differential equation (N/A)
" \mathbf{r}(0) \,, \quad \mathbf{\dot{r}}(0) \,. ",initial conditions (N/A)
v,velocity (Q11465)
a,acceleration (Q11376)
" \mathbf{v} = \frac{d \mathbf{r}}{d t} \,, \quad \mathbf{a} = \frac{d \mathbf{v}}{d t} = \frac{d^2 \mathbf{r}}{d t^2} \,\!",definitions (N/A)
theta,angle (Q11352)
omega,angular velocity (Q161635)
alpha,angular acceleration (Q186300)
"\boldsymbol{\theta} = \theta \hat{\mathbf{n}} \,,\quad  \boldsymbol{\omega} = \frac{d \boldsymbol{\theta}}{d t} \,, \quad \boldsymbol{\alpha}= \frac{d \boldsymbol{\omega}}{d t} \,,",rotation (Q107617)
" \mathbf{v} = \boldsymbol{\omega}\times \mathbf{r} \,\!",velocity (Q11465)
v  = at+v_0 \quad [1]\\,velocity (Q11465)
r  = r_0 + v_0 t + \tfrac12 {a}t^2 \quad [2]\\,position (N/A)
r  = r_0 + \tfrac12 \left( v+v_0 \right )t \quad [3]\\v^2  = v_0^2 + 2a\left( r - r_0 \right) \quad [4]\\r  = r_0 + vt - \tfrac12 {a}t^2 \quad [5]\\,equations of motion (N/A)
"\mathbf{v}  = \int \mathbf{a} dt = \mathbf{a}t+\mathbf{v}_0 \,, \quad [1] \\ \mathbf{r}  = \int (\mathbf{a}t+\mathbf{v}_0) dt = \frac{\mathbf{a}t^2}{2}+\mathbf{v}_0t +\mathbf{r}_0 \,, \quad [2] \\",equations of motion (N/A)
"v  = at+v_0 \,, \quad [1] \\ r  = \frac{{a}t^2}{2}+v_0t +r_0 \,. \quad [2] \\",velocity (Q11465)
 \mathbf{a} = \frac{(\mathbf{v} - \mathbf{v}_0)}{t} ,acceleration (Q11376)
F,force (Q11402)
m,mass (Q11423)
 \mathbf{F} = m\mathbf{a} ,Newton's second law of motion (Q2397319)
p,momentum (Q41273)
 \mathbf{F} = \frac{d\mathbf{p}}{dt} ,Newton's second law of motion (Q2397319)
" \mathbf{r} =\mathbf{r}\left ( r(t),\theta(t) \right ) = r \mathbf{\hat{e}}_r ",position (N/A)
\mathbf{v} = \mathbf{\hat{e}}_r \frac{d r}{dt} + r \omega \mathbf{\hat{e}}_\theta ,velocity (Q11465)
\mathbf{a} =\left ( \frac{d^2 r}{dt^2} - r\omega^2\right )\mathbf{\hat{e}}_r + \left ( r \alpha + 2 \omega \frac{dr}{dt} \right )\mathbf{\hat{e}}_\theta  ,acceleration (Q11376)
" \frac{d\mathbf{p}_i}{dt} = \mathbf{F}_{E} + \sum_{i \neq j} \mathbf{F}_{ij} \,\!",Newton's second law of motion (Q2397319)
"\boldsymbol{\tau} = \frac{d\mathbf{L}}{dt} \,, ",Newton's second law of motion (Q2397319)
tau,torque (Q48103)
L,angular momentum (N/A)
" \frac{d\mathbf{L}_i}{dt} = \boldsymbol{\tau}_E + \sum_{i \neq j} \boldsymbol{\tau}_{ij} \,,",Newton's second law of motion (Q2397319)
g,gravitational constant (Q18373)
l,length (Q36253)
G,Gravitational Constant (N/A)
\frac{d^2\mathbf{r}_i}{dt^2} = G\sum_{i\neq j}\frac{m_i m_j}{|\mathbf{r}_j - \mathbf{r}_i|^3} (\mathbf{r}_j - \mathbf{r}_i),Newton's second law of motion (Q2397319)
H,hamiltonian (N/A)
" \frac{d}{d t} \left ( \frac{\partial L}{\partial \mathbf{\dot{q}} } \right ) = \frac{\partial L}{\partial \mathbf{q}} \,, ",Euler-Lagrange equation (N/A)
q,coordinate (N/A)
S,Hamiltonian (N/A)
" - \frac{\partial S(\mathbf{q},t)}{\partial t} = H\left(\mathbf{q}, \mathbf{p}, t \right) \,. ",Hamilton-Jacobi equation (N/A)
E,electric field (N/A)
B,magnetic field (N/A)
"\mathbf{F} = q\left(\mathbf{E} + \mathbf{v} \times \mathbf{B}\right) \,\!",Lorentz force (Q172137)
phi,angle (Q11352)
A,gauge (Q2330873)
L=\tfrac12 m \mathbf{\dot{r}}\cdot\mathbf{\dot{r}}+q\mathbf{A}\cdot\dot{\mathbf{r}}-q\phi,Lagrangian (N/A)
P,momentum (Q41273)
" H = \frac{\left(\mathbf{P} - q \mathbf{A}\right)^2}{2m} + q\phi \,\! ",hamiltonian (N/A)
s,length of path (Q30337841)
x,coordinate (Q12753000)
ds = \sqrt{g_{\alpha\beta} d x^\alpha dx^\beta},line (Q1228250)
F,force (Q11402)
v,velocity (Q11465)
t,time (Q11471)
\sum \mathbf{F} = 0\; \Leftrightarrow\; \frac{\mathrm{d} \mathbf{v} }{\mathrm{d}t} = 0.,Newton's second law of motion (Q2397319)
p,momentum (Q41273)
m,mass (Q11423)
\mathbf{F} = \frac{\mathrm{d}\mathbf{p}}{\mathrm{d}t} = \frac{\mathrm{d}(m\mathbf v)}{\mathrm{d}t}.,Newton' s second law of motion (Q2397319)
J,impulse (N/A)
" \mathbf{J} = \int_{\Delta t} \mathbf F \,\mathrm{d}t~.",impulse (N/A)
